id,first_name,last_name
1,Marlie,Saunton
2,Emogene,Ridger
3,Randee,McQuilty
4,Hildagarde,Junkin
5,Hetti,Whiteoak
6,Marlow,Ellerman
7,Welsh,Coopman
8,Beverley,Pleven
9,Cilka,Raincin
10,Terrye,Powrie
11,Vina,Levett
12,Staffard,Eighteen
13,Geri,Doniso
14,Modestine,Laughlin
15,Shandee,Couchman
16,Harman,Welburn
17,Marcela,Lethabridge
18,Zebulon,Guswell
19,Myrtia,Vaisey
20,Thaddeus,Wayland
21,Langsdon,Richichi
22,Kasey,Lockney
23,Lizzy,Suarez
24,Paulie,Schlag
25,Carita,Fould
26,Jarrid,Lebbern
27,Kacie,Corryer
28,Deonne,Milton
29,Whit,Clever
30,Patrick,Plesing
31,Alisun,Churchlow
32,Rene,Swin
33,Donna,Utting
34,Skippy,Montier
35,Babbette,Prydden
36,Celie,Llewellen
37,Godwin,Winsbury
38,Filmore,Assante
39,Randolf,Evenett
40,Selene,Tottle
41,Chuck,Sealy
42,Rheba,Cashmore
43,Noell,Currin
44,Lazare,Vondrach
45,Emmaline,Stanbridge
46,Hugh,Gipps
47,Bride,Fiddy
48,Ellswerth,Forsythe
49,Akim,Braham
50,Dalton,MacBean
51,Lurleen,Janik
52,Wini,Jobin
53,Annabella,Brokenbrow
54,Darill,McKerrow
55,Walliw,Lingard
56,Eldridge,Ord
57,Roxie,Seilmann
58,Tyrus,Ahrend
59,Happy,Antonsen
60,Abbie,Bradshaw
61,Dee,Benedettini
62,Wally,Aldred
63,Sarette,Jehaes
64,Lolly,Hallibone
65,Leeanne,Dominiak
66,Bondon,Radborn
67,Winn,Gritsunov
68,Geordie,Rosenstiel
69,Mick,Gathercole
70,Titos,Swindley
71,Blaire,Bath
72,Hilliary,Shilliday
73,Del,Smethurst
74,Bartlet,Sheddan
75,Yardley,Matfin
76,Standford,Neaverson
77,Kahaleel,Renn
78,Dee dee,Beeson
79,Ricoriki,Levick
80,Nickolaus,Biddy
81,Kevan,MacNamara
82,Amanda,Cassey
83,Chicky,Kohn
84,Codee,Dumphry
85,Isabelita,Morehall
86,Thornton,Codling
87,Kaiser,Scoates
88,Tybalt,Madrell
89,Akim,Steffans
90,Orsa,Rodgman
91,Hodge,Klampk
92,Eleonore,Pinchen
93,Laughton,Twede
94,Farlee,Skedgell
95,Rosene,Montacute
96,Roselin,Mc Grath
97,Waldemar,Manoelli
98,Sigismond,Bein
99,Sansone,Hobson
100,Beilul,Dalloway
101,Sarine,Trehearn
102,Wayland,Elflain
103,Evin,De Dantesie
104,Brook,Acland
105,Correna,Rapaport
106,Faina,Fatkin
107,Johnette,Pasby
108,Devan,Scallon
109,Boone,Klimczak
110,Ursuline,Gamblin
111,Dannel,Gyver
112,Tammie,Varnam
113,Catlaina,Mansuer
114,Raviv,McLice
115,Artus,Dobkin
116,D'arcy,Magnar
117,Nanon,Cochet
118,Bobina,Honnan
119,Faye,Scholtis
120,Janice,Kermitt
121,Laurene,Lacroutz
122,Randee,Tingle
123,Rozamond,Balentyne
124,Mady,Wigfield
125,Allard,Nehlsen
126,Dara,Walstow
127,Dita,Stansell
128,Witty,Ledger
129,Dorita,Hasnip
130,Doll,McQuode
131,Darn,Gruczka
132,Karlie,Goodere
133,Mortimer,Wallworth
134,Erin,Dansken
135,Filip,Rains
136,Renie,Clewer
137,Kristyn,Vannuchi
138,Thayne,Askam
139,Cyndia,Giacobini
140,Denny,Sanson
141,Meg,Anstie
142,Melantha,Keates
143,Jamill,Krollmann
144,Goldina,Puzey
145,Orelee,Exelby
146,Delbert,Endecott
147,Nadean,Oliff
148,Kristi,Gamlin
149,Terrence,Seint
150,Paten,Mullin
151,Valenka,Vasilic
152,Cassaundra,Paddingdon
153,Quinton,Breton
154,Enrico,Simonard
155,Katharine,Wastling
156,Sayre,Druery
157,Jere,Brandone
158,Thatch,Gritskov
159,Rachele,Innes
160,Saunder,Joontjes
161,Jobye,Brittoner
162,Clarabelle,Courvert
163,Cherey,Bwye
164,Christabella,Lammenga
165,Allison,Prichard
166,Clerc,Bradick
167,Brittney,Bowlands
168,Dorise,Pocke
169,Skip,Selwood
170,Felisha,Dauncey
171,Nanny,Gerriet
172,Jane,Moneti
173,Bernard,Hubbocks
174,Halsey,Hodgon
175,Mikel,Beavington
176,Stephanus,Garment
177,Danice,Stollberger
178,Yanaton,Bettlestone
179,Adora,Armor
180,Vi,Burel
181,Dorry,Hargroves
182,Zaccaria,Gildea
183,Murry,Kassidy
184,Gerda,Cathro
185,Giacopo,Pawlowicz
186,Marlon,Truesdale
187,Hasheem,OIlier
188,Elli,Mc-Kerley
189,Lauraine,Shurmore
190,Barnett,Powley
191,Minerva,McGarrity
192,Netta,Hackett
193,Lyndel,Messham
194,Joelly,Dabell
195,Louisa,Disney
196,Tierney,Jiracek
197,Roxie,Balharry
198,Bobina,Rawne
199,Natalina,Worsham
200,Gwendolyn,Hartland
201,Joni,Bantham
202,Boonie,Sekulla
203,Shawn,Crickmore
204,Charlene,Purcer
205,Winona,O'Gleasane
206,Liuka,Berriball
207,Carma,Donke
208,Shawnee,Scargill
209,Pearce,Nuemann
210,Idell,Sigmund
211,Shela,Westrip
212,Osmond,Stener
213,Lukas,Gibb
214,Milty,Lamperti
215,Samson,Meaking
216,Keenan,Garnham
217,Allsun,Caughey
218,Angil,Englishby
219,Guendolen,Pitcaithly
220,Nahum,Di Roberto
221,Marillin,Watmough
222,Phoebe,Dengate
223,Carmon,Austen
224,Angelico,Emsden
225,Ad,Baddoe
226,Enrica,Nairn
227,Olive,Dinsale
228,Lotta,Daudray
229,Emilee,Pummery
230,Gaspar,Bartol
231,Micah,Pedro
232,Johannah,Pach
233,Kirbie,Sherborne
234,Laney,Burchett
235,Othella,Nail
236,Robbyn,Hartell
237,Peggi,Mealiffe
238,Eduard,Cromblehome
239,Barnaby,Corbally
240,Durante,Sommerlin
241,Averil,Gatesman
242,Pierrette,Ashton
243,Talbert,Kleinfeld
244,Kania,Bossingham
245,Bailie,Samwell
246,Etta,McCarty
247,Andras,Pamplin
248,Pen,Dibb
249,Bev,Dodimead
250,Wandie,Atger
251,Raddy,Pezey
252,Rodge,Walsham
253,Gerri,Riddoch
254,Ruthie,Tunstall
255,Querida,Enoch
256,Darleen,Union
257,Kirstyn,Leverett
258,Aldrich,Pembery
259,Lenci,Hosten
260,Nathan,Trythall
261,Maible,Fouracres
262,Olenka,Shearston
263,Gracie,Cheyne
264,Uri,Hurley
265,Karlene,Kline
266,Grant,Haylands
267,Xymenes,McKyrrelly
268,Mateo,Blanchet
269,Edie,Gifkins
270,Rachel,Hedley
271,Nisse,Stolli
272,Des,Ecclesall
273,Margy,Scolland
274,Nathanial,Isaq
275,Klara,Haberfield
276,Ber,Ogus
277,Xenos,Sanchiz
278,Konstantin,McClune
279,Shayna,Silversmid
280,Lilias,Murricanes
281,Lenna,Oats
282,Levi,Craufurd
283,Willem,Andreone
284,Ethelred,Lemar
285,Serena,Elcock
286,Ker,Rockhill
287,Auria,Cufley
288,Howey,Lissemore
289,Kimmi,De Ortega
290,Thor,Knudsen
291,Romy,Lindwall
292,James,Whistance
293,Harlen,McGlynn
294,Gracie,Dominy
295,Jesus,Heugh
296,Pearle,Gunther
297,Steward,Gapp
298,Myrtice,Yare
299,Martguerita,Ninnoli
300,Emmalynn,Struis
301,Rayshell,Lenglet
302,Karilynn,Ginie
303,Ripley,Siege
304,Gregorio,Cridge
305,Manda,Bollum
306,Allina,Dellenty
307,Callean,Clitherow
308,Jaymee,Durant
309,Angelia,Sprackling
310,Marylinda,Hamberston
311,Kelly,Giraudo
312,Bibi,Radwell
313,Dulcy,Zotto
314,Alida,Clifton
315,Hubert,Liell
316,Sullivan,Landreth
317,Averil,O' Shea
318,Bev,Rowlatt
319,Debby,Moody
320,Hazlett,Broomhead
321,Sonnnie,Pimley
322,Aurel,Pennycord
323,Raina,D'Arrigo
324,Killie,Leverich
325,Dickie,Jovic
326,Ikey,Bartolic
327,Annaliese,Dohr
328,Tatiania,Coade
329,Lisetta,Platt
330,Florenza,Rubenovic
331,Avie,Wessell
332,Inger,Dowrey
333,Griz,Dwine
334,Ailsun,Waycott
335,Karissa,Delea
336,Deeanne,Kitlee
337,Kittie,De Dantesie
338,Patton,McGreay
339,Georgi,Greenacre
340,Cassandra,Kinnear
341,Becka,Maven
342,Moreen,Sollis
343,Ransom,Chamberlin
344,Violante,Trittam
345,Norris,Drust
346,Deirdre,Rudsdale
347,Waldemar,Kopec
348,Rodolphe,Frankum
349,Nichole,Joscelyne
350,Kala,Gerritzen
351,Darcee,Gwilliams
352,Lidia,Lilleycrop
353,Les,Soigne
354,Maureene,McKearnen
355,Rani,Laurence
356,Clint,Basden
357,Shelia,Le Strange
358,Brandais,Ayres
359,Edouard,Cattow
360,Benn,Slograve
361,Holly,Monte
362,Brett,Tremollet
363,Donal,Yeowell
364,Virge,Ivankovic
365,Rosa,Bleiman
366,Tore,Wakes
367,Dacie,Argabrite
368,Drew,Blueman
369,Chelsy,Hallgath
370,Jude,Standrin
371,Ruddy,Elsmor
372,Dorice,MacFaell
373,Kelby,Proom
374,Thomasina,Kemell
375,Hagen,Franke
376,Shoshanna,Wytchard
377,Brett,Wilstead
378,Barrett,Domegan
379,Amelina,Thredder
380,Mandy,Wurz
381,Lotti,Zaple
382,Tiffany,Latchmore
383,Parry,Verrier
384,Rosetta,Gorrie
385,Dorris,Hopewell
386,Norina,Diprose
387,Eolande,Coxen
388,Brewster,Thew
389,Rachel,Leathley
390,Walton,Powley
391,Ania,Grombridge
392,Jen,Riccardo
393,Wood,Coldtart
394,Engelbert,Giacomelli
395,Dore,Dunbabin
396,Percival,Rene
397,Willa,Slewcock
398,Sapphire,Tregonna
399,Tabina,Mattheus
400,Richart,Elderfield
401,Karyl,Harbin
402,Layne,Simonsen
403,Elna,Luisetti
404,Min,Mainz
405,Andrew,Battams
406,Petey,Nugent
407,Blake,Rylance
408,Nyssa,Perel
409,Loreen,Penrose
410,Justino,Masse
411,Baron,Gove
412,Englebert,Astill
413,Roddy,Priden
414,Jacki,Brauns
415,Lucilia,Seneschal
416,Viva,Matiashvili
417,Teddie,Wingrove
418,Kara-lynn,Degg
419,Rodger,Eddington
420,Juan,Kill
421,Brigham,Lipmann
422,Sayres,Sell
423,Kristoforo,Toner
424,Barnebas,Delacroix
425,Moishe,Hailwood
426,Honey,Stripling
427,Sibeal,Bobasch
428,Clotilda,Hannabus
429,Theresa,Giffin
430,Yasmeen,Fitzsymons
431,Francklyn,Extall
432,Debbi,Conboy
433,Bertina,Alywen
434,Avril,Kelbie
435,Eal,Brendeke
436,Clywd,Swiers
437,Ripley,Gregore
438,Vivi,Fairbrace
439,Claudetta,Hutchence
440,Ardyth,Jannaway
441,Felice,Tight
442,Angelico,Gebhardt
443,Cortie,Chaudron
444,Ophelie,Oleksiak
445,Ninon,Petschelt
446,Donny,Leglise
447,Karel,Goodier
448,Arda,Rushmare
449,Cassaundra,Glanert
450,Ara,Leman
451,Kaitlyn,Hember
452,Roddie,Dhenin
453,Essie,Dowse
454,Sherwynd,Hulke
455,Paquito,Crisford
456,Audrey,Maddicks
457,Theresa,Resun
458,Meredithe,Loren
459,Augusto,Keling
460,Berkeley,Ghelarducci
461,Sigfrid,Arundell
462,Emera,Battaille
463,Teddy,Tarpey
464,Sawyere,Turrell
465,Angelica,Benjafield
466,Pandora,Kruszelnicki
467,Crosby,Sleeman
468,Heath,Schankelborg
469,Zacharia,Sommerlie
470,Tremain,Dellenbrook
471,Collete,Kennermann
472,Tonie,Chittey
473,Fifine,Harmon
474,Julita,Renowden
475,Willi,Saulter
476,Jacquelynn,Extall
477,Rodrick,Gisborne
478,Korie,Robertson
479,Derron,Beszant
480,Daryn,Kelberman
481,Toiboid,Fullilove
482,Randa,Scotts
483,Niki,Beekman
484,Man,Clemmey
485,Rosina,Basley
486,Putnam,Horning
487,Ly,Wettern
488,Isador,Hillatt
489,Fanni,Daish
490,Joelynn,Scurman
491,Iosep,Bucher
492,Flin,Lyes
493,Minda,Glanert
494,Riordan,Fairham
495,Carlee,Cradduck
496,Waylin,OIlier
497,Patricia,Kibby
498,Pip,Lonie
499,Bron,Mewes
500,Jo-ann,Haysey
501,Nicola,Mott
502,Cassandra,Sellek
503,Jedediah,Tolliday
504,Luke,Mytton
505,Tonie,Oakhill
506,Augusto,Charville
507,Luke,Petrenko
508,Willdon,Jowers
509,Cathe,McCully
510,Darci,Braker
511,Carmen,Hudd
512,Valle,Dashkov
513,Shem,Lapere
514,Melli,O'Donnelly
515,Giacomo,Landrick
516,Ashlie,Atterbury
517,Timmy,Braben
518,Willis,Grills
519,Adoree,Darthe
520,Lisle,McArte
521,Corbin,Jonson
522,Bent,Bebb
523,Charlton,Vost
524,Juline,Tosh
525,Caye,Pohlke
526,Rebecka,Lecky
527,Kathleen,Lanfer
528,Ivonne,Skydall
529,Milli,Rowsell
530,Leonardo,Newport
531,Emanuel,Hurl
532,Marilin,Robins
533,Devlin,Wolfenden
534,Garrard,Chape
535,Nolly,Chrstine
536,Lydia,Adolfsen
537,Clarette,Bosman
538,Chrotoem,Bastow
539,Taffy,Littleover
540,Minda,Durling
541,Ofella,Halvosen
542,Amitie,Schruur
543,Kathye,Butlin
544,Cordy,Lazenbury
545,Roxane,Arnecke
546,Nicolas,Konzel
547,Iain,Ackred
548,Merrill,Ballin
549,Augustus,Maulin
550,Renata,Hewins
551,Jany,Lillywhite
552,Tedman,Hawkyens
553,Gabriello,Varden
554,Reba,Rann
555,Major,Imlock
556,Olga,Crickmoor
557,Maribelle,Baynham
558,Tania,Lante
559,Aubree,Furst
560,Nerita,Ravel
561,Harriet,Grave
562,Payton,Schettini
563,Derrek,Mucklo
564,Laughton,Gutans
565,Molly,Cornell
566,Thorn,Fugere
567,Bryant,Nijssen
568,Jazmin,Ziehm
569,Abbie,Lief
570,Claiborn,Torpie
571,Ninon,Di Pietro
572,Bard,Lupton
573,Codi,Hanaford
574,Mallorie,Proswell
575,Glen,Aizikovitch
576,Batsheva,Northage
577,Murdock,Flay
578,Mimi,Fry
579,Kara,Basile
580,Ardra,Conibere
581,Dru,Pollitt
582,Marcelline,McGilroy
583,Gregg,Whymark
584,Aleda,Willshere
585,Edwin,Dietz
586,Stanford,Gainor
587,Morse,Flukes
588,Lena,Tzar
589,Sallyanne,Ascrofte
590,Rhianna,Burgise
591,Verena,Rosario
592,Asa,Watman
593,Ebba,Osborne
594,Cari,Kummerlowe
595,Channa,Thickpenny
596,Beale,Eves
597,Arliene,Geroldo
598,Osgood,Loosemore
599,Hesther,Ramos
600,Kippy,Simm
601,Sharai,Favela
602,Dagmar,Ferneyhough
603,Lorry,Peetermann
604,Phylis,Trenbey
605,Tracey,McWhinnie
606,Redford,Bollins
607,Philbert,Dunbavin
608,Mariellen,Beades
609,Gwenneth,Jacks
610,Florenza,Hinnerk
611,Dunstan,Labb
612,Fania,Reap
613,Florida,Mattecot
614,Jarrett,Sone
615,Gerrard,Olivie
616,Mariel,Ivanchov
617,Izak,Semken
618,Jeniece,Jagoe
619,Sharona,Maloney
620,Ina,Benko
621,Javier,Butt
622,Bayard,Massard
623,Mohammed,Pagitt
624,Adelle,Rubinivitz
625,Amalle,Farish
626,Ashlie,Petrasek
627,Hollie,Matuschek
628,Gweneth,Salzburg
629,Kiele,MacDougall
630,Rochester,Rosenhaupt
631,Jobey,Vant
632,Anastasia,Kordt
633,Ansell,Mackleden
634,Anthiathia,Aronson
635,Lazarus,McQuillin
636,Alanson,Westmoreland
637,Nikaniki,Maisey
638,Alvira,Nuss
639,Annmarie,Mangam
640,Gareth,Puttick
641,Trina,Ledner
642,Iorgo,Phelps
643,Jethro,Warmington
644,Burk,Myerscough
645,Baily,Muckloe
646,Horacio,Proudler
647,Adelina,Castard
648,Tasha,Mauditt
649,Helena,Owthwaite
650,Maddi,Persence
651,Skip,Conelly
652,Tana,Jocic
653,Shelbi,Treversh
654,Allister,Bosse
655,Franni,Beldon
656,Noelle,Sagar
657,Faye,Oxenbury
658,Celina,Gittis
659,Rebecca,Sorby
660,Lotte,Filippyev
661,Larina,Surcomb
662,Electra,Tures
663,Sonya,Baly
664,Glen,Shaxby
665,Dani,Ginity
666,Mariejeanne,Clifforth
667,Francoise,Dunk
668,Kippie,Alleway
669,Pansie,Inger
670,Trace,Trever
671,Fidelio,Serchwell
672,Shayla,Anthona
673,Chandler,Eminson
674,Nikolai,Ingley
675,Verena,Tiffany
676,Darill,FitzAlan
677,Donica,Wiles
678,Teena,Lippett
679,Marmaduke,Cadlock
680,Lisabeth,Jacobsz
681,Kacie,Chaundy
682,Braden,Kearey
683,Gris,Ashley
684,Carlin,Osinin
685,Claudette,Riccio
686,Arlee,Dowker
687,Alonso,Valens-Smith
688,Morten,Pittham
689,Llywellyn,Lombard
690,Whittaker,Beney
691,Marilin,Schoenrock
692,Corny,Chatenet
693,Audrie,Read
694,Brok,McDonnell
695,Shannah,Jewis
696,Lotte,Teather
697,Dulcinea,Crowden
698,Hyatt,Hattrick
699,Vitoria,Costerd
700,Gweneth,Templeman
701,Drucie,Wotton
702,Merry,Mohan
703,Rachel,Sevin
704,Raoul,Grzegorecki
705,Corinna,Deer
706,Nickolaus,Welden
707,Norby,Pohling
708,Allegra,Cicutto
709,Rafaela,Tunnah
710,Adamo,Benedite
711,Wynnie,Soane
712,Weider,Fuzzens
713,Bernie,McInally
714,Odessa,Nayer
715,Legra,Coppens
716,Garwood,McCrow
717,Carce,Ubee
718,Rafaelita,Basill
719,Tobe,Feldbrin
720,Eliza,Sapsed
721,Jermain,Divis
722,Jenifer,Jagson
723,Nahum,Andri
724,Chanda,Ricson
725,Dagmar,Edmondson
726,Ashbey,Southerill
727,Vitia,Trelease
728,Jacintha,Andrewartha
729,Garold,McNaught
730,Salim,Robins
731,Zachary,Issacof
732,Betsey,Dri
733,Michal,Elsay
734,Lindi,Bolley
735,Bunny,McDirmid
736,Mersey,Plampeyn
737,Zach,Stirton
738,Nonah,Farrimond
739,Issie,Swatman
740,Merna,McKean
741,Osbourn,Fortnon
742,Pippa,Jenicek
743,Leonid,Buckland
744,Eden,McCurtain
745,Andriana,Lidierth
746,Othilia,Warham
747,Shanon,Alsina
748,Ana,Spur
749,Bradney,Colten
750,Danya,Iggalden
751,Madeline,Tubbles
752,Craig,Bellam
753,Kimberley,Benda
754,Cherye,Ebi
755,Randy,Bonnick
756,Brina,Kennea
757,Constantia,Bour
758,Kaspar,Ewan
759,Gracia,Fyfield
760,Ariel,Ayerst
761,Camel,Shower
762,August,Catley
763,Ursola,Harlett
764,Cly,Horsley
765,Lucine,Arrighi
766,Brenna,Ceillier
767,Suzanne,Gordge
768,Silvano,Lambot
769,Garvin,Jurick
770,Romonda,Windsor
771,Olwen,Tewkesberrie
772,De,Isaksson
773,Gwenny,Mancktelow
774,Osbourne,Di Francecshi
775,Margot,Janney
776,Richy,MacCome
777,Ban,Acuna
778,Ainslie,Coast
779,Mei,Siveter
780,Rozelle,Gerardeaux
781,Erena,Rainsbury
782,Melisse,Sacchetti
783,Rowena,Peinton
784,Arline,Banaszczyk
785,Berty,Faich
786,Faber,Thorlby
787,Neall,Locarno
788,Shepperd,Esseby
789,Lucila,Kadar
790,Alvy,Alesio
791,Jess,Ixer
792,Gar,Longthorne
793,Stanley,Stollard
794,Justen,Canada
795,Yehudi,Meighan
796,Angelico,Maggiori
797,Bethena,Pidgeon
798,Emmalynn,Beining
799,Eimile,Harburtson
800,Rochette,Stobbart
801,Marley,Stallion
802,Violet,Shurmore
803,Mikol,Freezer
804,Tess,Morley
805,Meaghan,Kembery
806,Kat,Duffield
807,Nickey,Samms
808,Delila,Dyter
809,Mildred,Jolin
810,Maire,Esmonde
811,Noelani,Piddocke
812,Hill,Goldsworthy
813,Gino,Graal
814,Batholomew,Donne
815,Jeffrey,Bastistini
816,Miltie,Aslum
817,Walker,Barthelemy
818,Thorn,Durber
819,Jeane,Carnie
820,Celeste,McRae
821,Mahala,Gietz
822,Bobbye,Sisey
823,Hetty,Gurnell
824,Aldus,Raspin
825,Dianemarie,Cawthron
826,Sebastiano,Faloon
827,Symon,Thireau
828,Roderigo,Hardeman
829,Casar,Cordova
830,Faith,Unitt
831,Fedora,Aveson
832,Samara,Tilney
833,Micaela,Jojic
834,Derrick,Maxted
835,Carmencita,Iacoboni
836,Zedekiah,Waryk
837,Birk,Ellse
838,Aloysius,Clementet
839,Erna,Curwen
840,Broderic,Dunks
841,Dody,Glander
842,Antoine,Dimblebee
843,Kamilah,Murtimer
844,Alec,Sobieski
845,Bobbee,Lenin
846,Fonsie,Bernhardi
847,Sid,Feathers
848,Raina,Bonny
849,Florrie,Toombs
850,Hamlen,Gaddie
851,Fredrick,Croston
852,Kimmi,MacKibbon
853,Lidia,Biesty
854,Jaquenetta,Weddell
855,Gwen,Ivett
856,Marleah,Besset
857,Kilian,Brewse
858,Garold,Muffin
859,Jakob,Stoffer
860,Noell,Lait
861,Francoise,Beven
862,Carry,Micco
863,Charline,Lusher
864,Sydney,Simmance
865,Heinrik,Domesday
866,Felecia,Greger
867,Pieter,Mylechreest
868,Maressa,Isgate
869,Tannie,Fairnington
870,Kaila,Pountney
871,Artemus,Swanborrow
872,Tonya,Grelka
873,Trude,Huggen
874,Pippy,Hulk
875,Thibaud,Peggram
876,Teddie,Mitham
877,Templeton,Garritley
878,Roshelle,Showen
879,Cooper,Busby
880,Maxim,Donneely
881,Breena,Beloe
882,Colan,Almon
883,Sibelle,Reasce
884,Ferdinand,McGinney
885,Annette,Fitchew
886,Fredi,Swine
887,Bennett,Westberg
888,Tommie,Farrall
889,Willa,Vickerman
890,Ripley,Couldwell
891,Jacquelin,Dukes
892,Nesta,Glendzer
893,Clair,Startin
894,Lillian,McMillam
895,Corena,Puckey
896,Siward,Sperling
897,Godiva,Slisby
898,Marita,Mellem
899,Darn,Thorndycraft
900,Curran,Knellen
901,Kay,Randlesome
902,Janot,Beernt
903,Tadeas,Vasyaev
904,Yvor,Oldis
905,Madelyn,Levick
906,Coletta,Scalera
907,Hughie,Bantham
908,Carole,McMackin
909,Portia,Stonestreet
910,Gradey,Ferrino
911,Beatrisa,Tirone
912,Rori,Comello
913,Jenifer,Pasfield
914,Hailey,Glasspoole
915,Andrea,Tomasian
916,Ingaberg,Cholwell
917,Mariya,Rasch
918,Nat,Readhead
919,Karoly,Probin
920,Lennie,Dunbobin
921,Jdavie,Ebden
922,Benedikt,Sealand
923,Nolly,Cluatt
924,Sileas,Starten
925,Darius,Williams
926,Rosie,McConnal
927,Arte,Warhurst
928,Orlando,Belison
929,Angeli,McIntee
930,Kelila,McFetrich
931,Hilly,Jarrold
932,Alonzo,Tawse
933,Dorey,Sewill
934,Beltran,Farington
935,Kerrie,Bowcock
936,Aurthur,Canwell
937,Martainn,Croisdall
938,Austine,Lamb
939,Renelle,Becker
940,Imogene,Dannell
941,Ronnie,Gudd
942,Jenda,Elsmore
943,Christan,Berick
944,Yulma,Ohanessian
945,Randell,Bulfield
946,Holden,Sarl
947,Rosalinda,Spencer
948,Alley,Pendred
949,Karlee,Cholonin
950,Sarge,Buttress
951,Hallsy,Sprankling
952,Wade,MacRirie
953,Zondra,Lewsley
954,Dacy,Oller
955,Lula,Grzelak
956,Darin,Camacho
957,Clemmy,Gooke
958,Yovonnda,McVitie
959,Allister,Nanuccioi
960,Merell,Noble
961,Shaina,Bray
962,Bianca,Anthill
963,Cody,Hardbattle
964,Nanni,Cossentine
965,Margery,Mersh
966,Johnathon,Dilks
967,Rick,Vaneschi
968,Dillon,Tubby
969,Constantin,Rosa
970,Pen,Whittall
971,Whit,Tellenbrook
972,Bunni,MacWilliam
973,Ode,Garrettson
974,Fabe,Sharp
975,Reinwald,Dulwitch
976,Buddie,Yukhin
977,Rosamond,Safhill
978,Michael,Figures
979,Finley,Seedman
980,Laureen,Delafoy
981,Corrie,Grier
982,Kristi,Shillitoe
983,Shaylyn,Pybus
984,Brade,Kytley
985,Melissa,Line
986,Murvyn,Alu
987,Martino,Sturgess
988,Julietta,Perrone
989,Kandace,Champagne
990,Gunner,Casino
991,Orson,Evens
992,Georgiana,Blanden
993,Nikoletta,Gallatly
994,Denny,Cundy
995,Stephannie,Simoni
996,Gayel,Goldie
997,Anna-diana,Lymer
998,Gawen,Hamblin
999,Avram,Mathely
1000,Ede,Vaughan-Hughes
